{"cameraMode":{"drawMode":0,"name":"Shaded","section":"Shading Mode"},"sceneLighting":true,"audioPlay":false,"sceneViewState":{"m_AlwaysRefresh":false,"showFog":true,"showSkybox":true,"showFlares":true,"showImageEffects":true,"showParticleSystems":true,"showVisualEffectGraphs":true,"m_FxEnabled":true},"in2DMode":false,"pivot":{"x":-12.480977058410645,"y":2.5584182739257814,"z":-11.081706047058106},"rotation":{"x":-0.5795521140098572,"y":0.050204865634441379,"z":-0.03593682125210762,"w":-0.8126699328422546},"size":10.99642562866211,"orthographic":false}